route_type,catchment,frequency (veh/hours),fleet,length (m),num station,veh.km/h
bus,3616979.6886447263,2.200035279338558,1133.0,17534251,38981,35600.4
rail,661654.1401114828,0.9385474860335195,15.0,563542,170,547.2
subway,670999.057416258,14.074818026111227,9.0,147169,174,2066.4
