route_type,catchment,frequency (veh/hours),fleet,length (m),num station,veh.km/h
bus,3610276.241469926,2.200035279338558,2046.0,17534251,38981,35600.4
rail,658751.0191477812,0.9385474860335195,23.0,563542,170,547.2
subway,659274.923015879,14.074818026111227,64.0,147169,174,2066.4
