route_type,catchment,frequency (veh/hours),fleet,length (m),num station,veh.km/h
bus,3597750.570004023,2.528394138767066,1845.0,17310724.053003922,38161,34264.8
rail,513903.51017002,1.6162852988444172,15.0,590083.0,170,442.8
subway,659274.923015879,16.763005036077846,63.0,147313.1795131116,174,2062.8
